{
  "seed": 42,
  "total_steps": 10,
  "final_status": "\ud83d\ude80 Flying",
  "total_reward": -3.5109545935260744,
  "steps": [
    {
      "step": 1,
      "action": "NOTHING",
      "reward": 1.1449803922348565,
      "terminated": false,
      "truncated": false,
      "status": "\ud83d\ude80 Flying",
      "observation": {
        "position": {
          "x": 0.004593944642692804,
          "y": 1.4247629642486572
        },
        "velocity": {
          "x": 0.23233261704444885,
          "y": 0.2947627902030945
        },
        "orientation": {
          "angle": -0.0052588204853236675,
          "angular_velocity": -0.05208294838666916
        },
        "legs": {
          "left_contact": false,
          "right_contact": false
        },
        "raw_observation": [
          0.004593944642692804,
          1.4247629642486572,
          0.23233261704444885,
          0.2947627902030945,
          -0.0052588204853236675,
          -0.05208294838666916,
          0.0,
          0.0
        ]
      },
      "has_frame": true
    },
    {
      "step": 2,
      "action": "NOTHING",
      "reward": 1.1880541836657414,
      "terminated": false,
      "truncated": false,
      "status": "\ud83d\ude80 Flying",
      "observation": {
        "position": {
          "x": 0.006891059689223766,
          "y": 1.4307962656021118
        },
        "velocity": {
          "x": 0.23234069347381592,
          "y": 0.2681332230567932
        },
        "orientation": {
          "angle": -0.007861330173909664,
          "angular_velocity": -0.052054889500141144
        },
        "legs": {
          "left_contact": false,
          "right_contact": false
        },
        "raw_observation": [
          0.006891059689223766,
          1.4307962656021118,
          0.23234069347381592,
          0.2681332230567932,
          -0.007861330173909664,
          -0.052054889500141144,
          0.0,
          0.0
        ]
      },
      "has_frame": true
    },
    {
      "step": 3,
      "action": "FIRE_MAIN",
      "reward": -3.4725166712714666,
      "terminated": false,
      "truncated": false,
      "status": "\ud83d\ude80 Flying",
      "observation": {
        "position": {
          "x": 0.009141921997070312,
          "y": 1.4375495910644531
        },
        "velocity": {
          "x": 0.22797878086566925,
          "y": 0.3001255393028259
        },
        "orientation": {
          "angle": -0.01071833074092865,
          "angular_velocity": -0.057145606726408005
        },
        "legs": {
          "left_contact": false,
          "right_contact": false
        },
        "raw_observation": [
          0.009141921997070312,
          1.4375495910644531,
          0.22797878086566925,
          0.3001255393028259,
          -0.01071833074092865,
          -0.057145606726408005,
          0.0,
          0.0
        ]
      },
      "has_frame": true
    },
    {
      "step": 4,
      "action": "FIRE_LEFT",
      "reward": 1.770674116255692,
      "terminated": false,
      "truncated": false,
      "status": "\ud83d\ude80 Flying",
      "observation": {
        "position": {
          "x": 0.011329841800034046,
          "y": 1.44371497631073
        },
        "velocity": {
          "x": 0.2200680673122406,
          "y": 0.2740088701248169
        },
        "orientation": {
          "angle": -0.011984535492956638,
          "angular_velocity": -0.025326058268547058
        },
        "legs": {
          "left_contact": false,
          "right_contact": false
        },
        "raw_observation": [
          0.011329841800034046,
          1.44371497631073,
          0.2200680673122406,
          0.2740088701248169,
          -0.011984535492956638,
          -0.025326058268547058,
          0.0,
          0.0
        ]
      },
      "has_frame": true
    },
    {
      "step": 5,
      "action": "FIRE_MAIN",
      "reward": -3.254147902166454,
      "terminated": false,
      "truncated": false,
      "status": "\ud83d\ude80 Flying",
      "observation": {
        "position": {
          "x": 0.013416862115263939,
          "y": 1.4506231546401978
        },
        "velocity": {
          "x": 0.21052110195159912,
          "y": 0.3070111572742462
        },
        "orientation": {
          "angle": -0.013784650713205338,
          "angular_velocity": -0.03600557893514633
        },
        "legs": {
          "left_contact": false,
          "right_contact": false
        },
        "raw_observation": [
          0.013416862115263939,
          1.4506231546401978,
          0.21052110195159912,
          0.3070111572742462,
          -0.013784650713205338,
          -0.03600557893514633,
          0.0,
          0.0
        ]
      },
      "has_frame": true
    },
    {
      "step": 6,
      "action": "FIRE_RIGHT",
      "reward": 0.7176978393273157,
      "terminated": false,
      "truncated": false,
      "status": "\ud83d\ude80 Flying",
      "observation": {
        "position": {
          "x": 0.015564632602036,
          "y": 1.4569289684295654
        },
        "velocity": {
          "x": 0.21814589202404022,
          "y": 0.28022587299346924
        },
        "orientation": {
          "angle": -0.017111778259277344,
          "angular_velocity": -0.06654881685972214
        },
        "legs": {
          "left_contact": false,
          "right_contact": false
        },
        "raw_observation": [
          0.015564632602036,
          1.4569289684295654,
          0.21814589202404022,
          0.28022587299346924,
          -0.017111778259277344,
          -0.06654881685972214,
          0.0,
          0.0
        ]
      },
      "has_frame": true
    },
    {
      "step": 7,
      "action": "FIRE_MAIN",
      "reward": -1.9798857424449807,
      "terminated": false,
      "truncated": false,
      "status": "\ud83d\ude80 Flying",
      "observation": {
        "position": {
          "x": 0.01778736151754856,
          "y": 1.4633194208145142
        },
        "velocity": {
          "x": 0.22530443966388702,
          "y": 0.28398144245147705
        },
        "orientation": {
          "angle": -0.020119069144129753,
          "angular_velocity": -0.060151487588882446
        },
        "legs": {
          "left_contact": false,
          "right_contact": false
        },
        "raw_observation": [
          0.01778736151754856,
          1.4633194208145142,
          0.22530443966388702,
          0.28398144245147705,
          -0.020119069144129753,
          -0.060151487588882446,
          0.0,
          0.0
        ]
      },
      "has_frame": true
    },
    {
      "step": 8,
      "action": "NOTHING",
      "reward": 1.1663018604370166,
      "terminated": false,
      "truncated": false,
      "status": "\ud83d\ude80 Flying",
      "observation": {
        "position": {
          "x": 0.02001018449664116,
          "y": 1.4691097736358643
        },
        "velocity": {
          "x": 0.22531285881996155,
          "y": 0.25730693340301514
        },
        "orientation": {
          "angle": -0.02312648668885231,
          "angular_velocity": -0.06015343219041824
        },
        "legs": {
          "left_contact": false,
          "right_contact": false
        },
        "raw_observation": [
          0.02001018449664116,
          1.4691097736358643,
          0.22531285881996155,
          0.25730693340301514,
          -0.02312648668885231,
          -0.06015343219041824,
          0.0,
          0.0
        ]
      },
      "has_frame": true
    },
    {
      "step": 9,
      "action": "FIRE_MAIN",
      "reward": -1.9328634309919608,
      "terminated": false,
      "truncated": false,
      "status": "\ud83d\ude80 Flying",
      "observation": {
        "position": {
          "x": 0.022198963910341263,
          "y": 1.4751678705215454
        },
        "velocity": {
          "x": 0.22215299308300018,
          "y": 0.26919111609458923
        },