{
  "seed": 42,
  "total_steps": 10,
  "final_status": "\ud83d\ude80 Flying",
  "total_reward": -3.51094645537294,
  "steps": [
    {
      "step": 1,
      "action": "NOTHING",
      "reward": 1.1449811454510836,
      "terminated": false,
      "truncated": false,
      "status": "\ud83d\ude80 Flying",
      "observation": {
        "position": {
          "x": 0.004593944642692804,
          "y": 1.4247629642486572
        },
        "velocity": {
          "x": 0.23233266174793243,
          "y": 0.2947627305984497
        },
        "orientation": {
          "angle": -0.005258823279291391,
          "angular_velocity": -0.05208294466137886
        },
        "legs": {
          "left_contact": false,
          "right_contact": false
        },
        "raw_observation": [
          0.004593944642692804,
          1.4247629642486572,
          0.23233266174793243,
          0.2947627305984497,
          -0.005258823279291391,
          -0.05208294466137886,
          0.0,
          0.0
        ]
      },
      "has_frame": true
    },
    {
      "step": 2,
      "action": "NOTHING",
      "reward": 1.188060255996703,
      "terminated": false,
      "truncated": false,
      "status": "\ud83d\ude80 Flying",
      "observation": {
        "position": {
          "x": 0.006891059689223766,
          "y": 1.4307962656021118
        },
        "velocity": {
          "x": 0.23234064877033234,
          "y": 0.26813316345214844
        },
        "orientation": {
          "angle": -0.007861331105232239,
          "angular_velocity": -0.05205489322543144
        },
        "legs": {
          "left_contact": false,
          "right_contact": false
        },
        "raw_observation": [
          0.006891059689223766,
          1.4307962656021118,
          0.23234064877033234,
          0.26813316345214844,
          -0.007861331105232239,
          -0.05205489322543144,
          0.0,
          0.0
        ]
      },
      "has_frame": true
    },
    {
      "step": 3,
      "action": "FIRE_MAIN",
      "reward": -3.4725200947980737,
      "terminated": false,
      "truncated": false,
      "status": "\ud83d\ude80 Flying",
      "observation": {
        "position": {
          "x": 0.009141921997070312,
          "y": 1.4375495910644531
        },
        "velocity": {
          "x": 0.22797878086566925,
          "y": 0.30012547969818115
        },
        "orientation": {
          "angle": -0.010718337260186672,
          "angular_velocity": -0.0571456253528595
        },
        "legs": {
          "left_contact": false,
          "right_contact": false
        },
        "raw_observation": [
          0.009141921997070312,
          1.4375495910644531,
          0.22797878086566925,
          0.30012547969818115,
          -0.010718337260186672,
          -0.0571456253528595,
          0.0,
          0.0
        ]
      },
      "has_frame": true
    },
    {
      "step": 4,
      "action": "FIRE_LEFT",
      "reward": 1.7706723701472538,
      "terminated": false,
      "truncated": false,
      "status": "\ud83d\ude80 Flying",
      "observation": {
        "position": {
          "x": 0.011329841800034046,
          "y": 1.44371497631073
        },
        "velocity": {
          "x": 0.2200680673122406,
          "y": 0.2740088403224945
        },
        "orientation": {
          "angle": -0.011984533630311489,
          "angular_velocity": -0.025326058268547058
        },
        "legs": {
          "left_contact": false,
          "right_contact": false
        },
        "raw_observation": [
          0.011329841800034046,
          1.44371497631073,
          0.2200680673122406,
          0.2740088403224945,
          -0.011984533630311489,
          -0.025326058268547058,
          0.0,
          0.0
        ]
      },
      "has_frame": true
    },
    {
      "step": 5,
      "action": "FIRE_MAIN",
      "reward": -3.2541456959802586,
      "terminated": false,
      "truncated": false,
      "status": "\ud83d\ude80 Flying",
      "observation": {
        "position": {
          "x": 0.013416862115263939,
          "y": 1.4506231546401978
        },
        "velocity": {
          "x": 0.21052110195159912,
          "y": 0.30701109766960144
        },
        "orientation": {
          "angle": -0.013784654438495636,
          "angular_velocity": -0.036005593836307526
        },
        "legs": {
          "left_contact": false,
          "right_contact": false
        },
        "raw_observation": [
          0.013416862115263939,
          1.4506231546401978,
          0.21052110195159912,
          0.30701109766960144,
          -0.013784654438495636,
          -0.036005593836307526,
          0.0,
          0.0
        ]
      },
      "has_frame": true
    },
    {
      "step": 6,
      "action": "FIRE_RIGHT",
      "reward": 0.7176974264674822,
      "terminated": false,
      "truncated": false,
      "status": "\ud83d\ude80 Flying",
      "observation": {
        "position": {
          "x": 0.015564632602036,
          "y": 1.4569289684295654
        },
        "velocity": {
          "x": 0.21814589202404022,
          "y": 0.28022581338882446
        },
        "orientation": {
          "angle": -0.01711178384721279,
          "angular_velocity": -0.0665488988161087
        },
        "legs": {
          "left_contact": false,
          "right_contact": false
        },
        "raw_observation": [
          0.015564632602036,
          1.4569289684295654,
          0.21814589202404022,
          0.28022581338882446,
          -0.01711178384721279,
          -0.0665488988161087,
          0.0,
          0.0
        ]
      },
      "has_frame": true
    },
    {
      "step": 7,
      "action": "FIRE_MAIN",
      "reward": -1.979888005553977,
      "terminated": false,
      "truncated": false,
      "status": "\ud83d\ude80 Flying",
      "observation": {
        "position": {
          "x": 0.01778736151754856,
          "y": 1.4633194208145142
        },
        "velocity": {
          "x": 0.22530445456504822,
          "y": 0.2839813828468323
        },
        "orientation": {
          "angle": -0.020119082182645798,
          "angular_velocity": -0.06015156954526901
        },
        "legs": {
          "left_contact": false,
          "right_contact": false
        },
        "raw_observation": [
          0.01778736151754856,
          1.4633194208145142,
          0.22530445456504822,
          0.2839813828468323,
          -0.020119082182645798,
          -0.06015156954526901,
          0.0,
          0.0
        ]
      },
      "has_frame": true
    },
    {
      "step": 8,
      "action": "NOTHING",
      "reward": 1.166311182040232,
      "terminated": false,
      "truncated": false,
      "status": "\ud83d\ude80 Flying",
      "observation": {
        "position": {
          "x": 0.02001018449664116,
          "y": 1.4691097736358643
        },
        "velocity": {
          "x": 0.2253127545118332,
          "y": 0.257306843996048
        },
        "orientation": {
          "angle": -0.023126494139432907,
          "angular_velocity": -0.0601535364985466
        },
        "legs": {
          "left_contact": false,
          "right_contact": false
        },
        "raw_observation": [
          0.02001018449664116,
          1.4691097736358643,
          0.2253127545118332,
          0.257306843996048,
          -0.023126494139432907,
          -0.0601535364985466,
          0.0,
          0.0
        ]
      },
      "has_frame": true
    },
    {
      "step": 9,
      "action": "FIRE_MAIN",
      "reward": -1.9328658638642822,
      "terminated": false,
      "truncated": false,
      "status": "\ud83d\ude80 Flying",
      "observation": {
        "position": {
          "x": 0.022198963910341263,
          "y": 1.4751678705215454
        },
        "velocity": {
          "x": 0.2221529185771942,
          "y": 0.26919105648994446
        },